{
  "best_global_step": 217,
  "best_metric": 1.0,
  "best_model_checkpoint": "C:\\Users\\hi\\Documents\\hague\\RAG\\artfacts-training\\koelectra_orchestrator_finetuned\\checkpoint-217",
  "epoch": 9.0,
  "eval_steps": 500,
  "global_step": 279,
  "is_hyper_param_search": false,
  "is_local_process_zero": true,
  "is_world_process_zero": true,
  "log_history": [
    {
      "epoch": 1.0,
      "eval_BLOCK_f1": 0.0,
      "eval_BLOCK_precision": 0.0,
      "eval_BLOCK_recall": 0.0,
      "eval_POLICY_BASED_f1": 0.0,
      "eval_POLICY_BASED_precision": 0.0,
      "eval_POLICY_BASED_recall": 0.0,
      "eval_RULE_BASED_f1": 0.6863905325443787,
      "eval_RULE_BASED_precision": 0.5272727272727272,
      "eval_RULE_BASED_recall": 0.9830508474576272,
      "eval_accuracy": 0.4715447154471545,
      "eval_f1": 0.32924423918795404,
      "eval_loss": 1.0959926843643188,
      "eval_precision": 0.2529194382852919,
      "eval_recall": 0.4715447154471545,
      "eval_runtime": 9.5337,
      "eval_samples_per_second": 12.902,
      "eval_steps_per_second": 0.839,
      "step": 31
    },
    {
      "epoch": 1.6129032258064515,
      "grad_norm": 0.689122200012207,
      "learning_rate": 9.800000000000001e-06,
      "loss": 1.098,
      "step": 50
    },
    {
      "epoch": 2.0,
      "eval_BLOCK_f1": 0.0,
      "eval_BLOCK_precision": 0.0,
      "eval_BLOCK_recall": 0.0,
      "eval_POLICY_BASED_f1": 0.0,
      "eval_POLICY_BASED_precision": 0.0,
      "eval_POLICY_BASED_recall": 0.0,
      "eval_RULE_BASED_f1": 0.6483516483516484,
      "eval_RULE_BASED_precision": 0.4796747967479675,
      "eval_RULE_BASED_recall": 1.0,
      "eval_accuracy": 0.4796747967479675,
      "eval_f1": 0.31099794514428664,
      "eval_loss": 1.0677995681762695,
      "eval_precision": 0.23008791063520392,
      "eval_recall": 0.4796747967479675,
      "eval_runtime": 9.6676,
      "eval_samples_per_second": 12.723,
      "eval_steps_per_second": 0.828,
      "step": 62
    },
    {
      "epoch": 3.0,
      "eval_BLOCK_f1": 0.24,
      "eval_BLOCK_precision": 1.0,
      "eval_BLOCK_recall": 0.13636363636363635,
      "eval_POLICY_BASED_f1": 0.0,
      "eval_POLICY_BASED_precision": 0.0,
      "eval_POLICY_BASED_recall": 0.0,
      "eval_RULE_BASED_f1": 0.659217877094972,
      "eval_RULE_BASED_precision": 0.49166666666666664,
      "eval_RULE_BASED_recall": 1.0,
      "eval_accuracy": 0.5040650406504065,
      "eval_f1": 0.35913703047645,
      "eval_loss": 1.0001705884933472,
      "eval_precision": 0.4147018970189702,
      "eval_recall": 0.5040650406504065,
      "eval_runtime": 10.5421,
      "eval_samples_per_second": 11.667,
      "eval_steps_per_second": 0.759,
      "step": 93
    },
    {
      "epoch": 3.225806451612903,
      "grad_norm": 0.6825101375579834,
      "learning_rate": 1.98e-05,
      "loss": 1.0505,
      "step": 100
    },
    {
      "epoch": 4.0,
      "eval_BLOCK_f1": 0.9361702127659575,
      "eval_BLOCK_precision": 0.88,
      "eval_BLOCK_recall": 1.0,
      "eval_POLICY_BASED_f1": 0.25,
      "eval_POLICY_BASED_precision": 1.0,
      "eval_POLICY_BASED_recall": 0.14285714285714285,
      "eval_RULE_BASED_f1": 0.7814569536423841,
      "eval_RULE_BASED_precision": 0.6413043478260869,
      "eval_RULE_BASED_recall": 1.0,
      "eval_accuracy": 0.7073170731707317,
      "eval_f1": 0.6276561377703391,
      "eval_loss": 0.8838787078857422,
      "eval_precision": 0.8064793213149523,
      "eval_recall": 0.7073170731707317,
      "eval_runtime": 8.8191,
      "eval_samples_per_second": 13.947,
      "eval_steps_per_second": 0.907,
      "step": 124
    },
    {
      "epoch": 4.838709677419355,
      "grad_norm": 1.2626757621765137,
      "learning_rate": 1.5333333333333334e-05,
      "loss": 0.9086,
      "step": 150
    },
    {
      "epoch": 5.0,
      "eval_BLOCK_f1": 0.9361702127659575,
      "eval_BLOCK_precision": 0.88,
      "eval_BLOCK_recall": 1.0,
      "eval_POLICY_BASED_f1": 0.9629629629629629,
      "eval_POLICY_BASED_precision": 1.0,
      "eval_POLICY_BASED_recall": 0.9285714285714286,
      "eval_RULE_BASED_f1": 1.0,
      "eval_RULE_BASED_precision": 1.0,
      "eval_RULE_BASED_recall": 1.0,
      "eval_accuracy": 0.975609756097561,
      "eval_f1": 0.9759364969536221,
      "eval_loss": 0.7570176720619202,
      "eval_precision": 0.9785365853658536,
      "eval_recall": 0.975609756097561,
      "eval_runtime": 8.7954,
      "eval_samples_per_second": 13.985,
      "eval_steps_per_second": 0.91,
      "step": 155
    },
    {
      "epoch": 6.0,
      "eval_BLOCK_f1": 0.9777777777777777,
      "eval_BLOCK_precision": 0.9565217391304348,
      "eval_BLOCK_recall": 1.0,
      "eval_POLICY_BASED_f1": 0.9879518072289156,
      "eval_POLICY_BASED_precision": 1.0,
      "eval_POLICY_BASED_recall": 0.9761904761904762,
      "eval_RULE_BASED_f1": 1.0,
      "eval_RULE_BASED_precision": 1.0,
      "eval_RULE_BASED_recall": 1.0,
      "eval_accuracy": 0.991869918699187,
      "eval_f1": 0.9919112765424842,
      "eval_loss": 0.6641709804534912,
      "eval_precision": 0.9922234004948745,
      "eval_recall": 0.991869918699187,
      "eval_runtime": 9.5127,
      "eval_samples_per_second": 12.93,
      "eval_steps_per_second": 0.841,
      "step": 186
    },
    {
      "epoch": 6.451612903225806,
      "grad_norm": 1.4430216550827026,
      "learning_rate": 1.0571428571428572e-05,
      "loss": 0.7374,
      "step": 200
    },
    {
      "epoch": 7.0,
      "eval_BLOCK_f1": 1.0,
      "eval_BLOCK_precision": 1.0,
      "eval_BLOCK_recall": 1.0,
      "eval_POLICY_BASED_f1": 1.0,
      "eval_POLICY_BASED_precision": 1.0,
      "eval_POLICY_BASED_recall": 1.0,
      "eval_RULE_BASED_f1": 1.0,
      "eval_RULE_BASED_precision": 1.0,
      "eval_RULE_BASED_recall": 1.0,
      "eval_accuracy": 1.0,
      "eval_f1": 1.0,
      "eval_loss": 0.596308708190918,
      "eval_precision": 1.0,
      "eval_recall": 1.0,
      "eval_runtime": 9.0843,
      "eval_samples_per_second": 13.54,
      "eval_steps_per_second": 0.881,
      "step": 217
    },
    {
      "epoch": 8.0,
      "eval_BLOCK_f1": 1.0,
      "eval_BLOCK_precision": 1.0,
      "eval_BLOCK_recall": 1.0,
      "eval_POLICY_BASED_f1": 1.0,
      "eval_POLICY_BASED_precision": 1.0,
      "eval_POLICY_BASED_recall": 1.0,
      "eval_RULE_BASED_f1": 1.0,
      "eval_RULE_BASED_precision": 1.0,
      "eval_RULE_BASED_recall": 1.0,
      "eval_accuracy": 1.0,
      "eval_f1": 1.0,
      "eval_loss": 0.5530415177345276,
      "eval_precision": 1.0,
      "eval_recall": 1.0,
      "eval_runtime": 9.0297,
      "eval_samples_per_second": 13.622,
      "eval_steps_per_second": 0.886,
      "step": 248
    },
    {
      "epoch": 8.064516129032258,
      "grad_norm": 1.1842056512832642,
      "learning_rate": 5.8095238095238106e-06,
      "loss": 0.6296,
      "step": 250
    },
    {
      "epoch": 9.0,
      "eval_BLOCK_f1": 1.0,
      "eval_BLOCK_precision": 1.0,
      "eval_BLOCK_recall": 1.0,
      "eval_POLICY_BASED_f1": 1.0,
      "eval_POLICY_BASED_precision": 1.0,
      "eval_POLICY_BASED_recall": 1.0,
      "eval_RULE_BASED_f1": 1.0,
      "eval_RULE_BASED_precision": 1.0,
      "eval_RULE_BASED_recall": 1.0,
      "eval_accuracy": 1.0,
      "eval_f1": 1.0,
      "eval_loss": 0.5294361710548401,
      "eval_precision": 1.0,
      "eval_recall": 1.0,
      "eval_runtime": 10.8067,
      "eval_samples_per_second": 11.382,
      "eval_steps_per_second": 0.74,
      "step": 279
    }
  ],
  "logging_steps": 50,
  "max_steps": 310,
  "num_input_tokens_seen": 0,
  "num_train_epochs": 10,
  "save_steps": 500,
  "stateful_callbacks": {
    "EarlyStoppingCallback": {
      "args": {
        "early_stopping_patience": 3,
        "early_stopping_threshold": 0.0
      },
      "attributes": {
        "early_stopping_patience_counter": 2
      }
    },
    "TrainerControl": {
      "args": {
        "should_epoch_stop": false,
        "should_evaluate": false,
        "should_log": false,